subject_id,condition,goal_percent,ap_braking_impulse_nbw_s_mean,ap_propulsive_impulse_nbw_s_mean,ap_net_impulse_nbw_s_mean,vertical_impulse_stance_nbw_s_mean,ml_outward_impulse_nbw_s_mean,vertical_avg_loading_rate_nbw_s_mean,vertical_peak_loading_rate_nbw_s_mean,ap_braking_development_rate_nbw_s_mean,ap_propulsion_development_rate_nbw_s_mean
1,Baseline,0,0.03314219074848545,0.030072685983207552,-0.00331599279292745,0.5756374271592951,0.0234861446190444,5.431951680363888,13.015653082933987,1.1162978643004513,0.6479182492665927
1,MTR20,20,0.03760288641615166,0.0334975790023165,-0.004093934288889049,0.5650497395804113,0.0293916947769597,6.66888167336371,16.227682286854318,1.3311560935680675,0.872676978331849
1,MTR40,40,0.0381404819286999,0.032919705256165596,-0.004967657708856636,0.5495079875960815,0.0262576653748921,7.22574894975646,18.40808170564816,1.4996373093735957,0.9720133087056924
1,MTR60,60,0.037755626453722546,0.0327815930056983,-0.00489485542004265,0.5296590334905611,0.02493593897063685,7.960916055106305,19.85942726347386,1.6396784678019625,1.0907511707834032
1,MTR80,80,0.0397720333821123,0.0339129376452934,-0.00574383057262755,0.49651914732741453,0.02259222488174335,9.602888899302107,26.32128291006652,2.253078852755194,1.3707754753205348
2,Baseline,0,0.02895934030506625,0.030656609445321753,0.0016928729797249498,0.5977428786357438,0.029969609472237847,6.512389286993248,14.01181564495916,1.383954503605734,0.6960319682234463
2,MTR20,20,0.020632646471276,0.03867243003266745,0.017524169414415598,0.5349456326145583,0.0298444732329098,7.327924550760438,13.029398272896987,1.2231476125648362,0.6731176975565688
2,MTR40,40,0.02291329814589845,0.0408161459660175,0.01787611540737415,0.5178451046007189,0.0292970174404537,8.344995913754573,16.470496148559914,1.4570536276027632,0.8708128806062392
2,MTR60,60,0.016206825679610102,0.06064987381215565,0.04445451878918285,0.5101889132001927,0.0341526551045805,8.67053648934591,20.77760508666232,1.2234086898376222,1.1611745088511
2,MTR80,80,0.05116026167524295,0.0545129048183019,-0.0004924689918162999,0.5899900397037998,0.04350836823634375,10.773974887177024,25.24312525017431,2.612017253212542,1.596999541997979
3,MTR20,20,0.04875328151930585,0.03771885166008465,-0.01081407547451585,0.657068436123137,0.040597255112434796,11.360334377540983,24.152292332924134,3.2486756841325897,1.0236585131061962
3,MTR40,40,0.04474488590241665,0.0338032280309907,-0.0107879541627575,0.6069642034349216,0.040139003044407096,11.553086229096479,24.595049358314697,3.433248507234569,1.1964130457782434
3,MTR60,60,0.041579802872702146,0.034540510921598946,-0.00710598092958925,0.5489695482724289,0.03983953557263535,15.731232397122067,32.725760087307506,4.613253002319553,1.3160226902677523
3,MTR80,80,0.04957319699616865,0.0427825474431202,-0.006827592196331949,0.5546354057754492,0.0422852785490392,18.391057850971833,48.7486725038206,6.772868596458599,1.3793486750487522
4,Baseline,0,0.03558754623336575,0.03723451492893675,0.0013731472078023499,0.5743489968719528,0.03163562673457065,6.5292527845051715,13.818779365357116,1.3783710376410332,0.9114855592288789
4,MTR20,20,0.041202602455857246,0.0338453667375041,-0.00823386820632305,0.5357652475795054,0.02462591119650635,10.190923233057973,27.980907419042616,2.1693283448152525,1.3560171502683094
4,MTR40,40,0.04339361835124835,0.035779479453335344,-0.0083954810507471,0.5439158625530229,0.02591122976922305,10.013099273641707,23.815228719633183,2.1638661758468336,1.410582633158871
4,MTR60,60,0.04723164330400105,0.037909234801834446,-0.00915293016886445,0.5352397340719632,0.02330112839217225,11.339967641525028,27.98962456052581,2.4831368763097377,1.6836362974047527
4,MTR80,80,0.0429928061731436,0.037034168840426096,-0.00669290351919425,0.5108386434227893,0.021760430542687448,10.823368647952673,25.945856898561367,2.6535303233406244,1.705542762537186
5,Baseline,0,0.02720055048052095,0.02816826199111515,0.0011419213870109,0.5730543333035549,0.0381328850699441,5.688859448200414,12.875385514049889,1.4469147330952816,0.7276793811231
5,MTR20,20,0.03637153579296245,0.02943713428333095,-0.006654648280859801,0.5657007524156173,0.024704956689124098,6.483308971493903,12.668219833833462,1.3487659530687583,1.0482949286362997
5,MTR40,40,0.030534649406938348,0.02433046273545925,-0.00619396292056125,0.5272247210424581,0.0250188639914446,7.2911498845908085,14.736060732056277,1.6590540087247934,1.2323699745688508
5,MTR60,60,0.03527029779514805,0.02899068225929205,-0.00646838283373125,0.5321923494444756,0.025310976787970348,8.350088516679776,17.29637694403864,1.9993369192779462,1.292571408350236
5,MTR80,80,0.037126895041383695,0.0298883410768358,-0.0072544840927618,0.5088370180888228,0.022727486057459702,8.604733762651191,18.424700733148075,2.0829230107011476,1.3167889458082644
6,Baseline,0,0.026905143056708852,0.027911974041025252,0.00095846601866435,0.5866611648375962,0.02802164855922075,6.157649931260776,14.198643541315391,1.1026199859586887,0.8496890702107527
6,MTR20,20,0.0376386688245674,0.02924393910489265,-0.008494119490970651,0.5784716001774244,0.0181743501181873,8.020223428215811,23.739661827728128,1.2622604553338603,0.8237534257573829
6,MTR40,40,0.0493052514673836,0.0407389088408945,-0.0093683778589835,0.6751196737755515,0.02175715671803835,9.87297115867105,29.60847251783968,1.7608253143499433,0.944272210260866
6,MTR60,60,0.05003583496307865,0.04166215951380635,-0.008289748715479502,0.6385243088229898,0.02089928467282085,10.83088226427101,32.15972236625781,1.9830420889690972,1.0992832508845802
6,MTR80,80,0.046387368272704205,0.040085079460271,-0.00615586987102785,0.6125949435016553,0.020222376373378897,12.046972114373169,35.34382500729221,2.075855855623413,1.2922676398190611
7,Baseline,0,0.029533754504756052,0.03243428017416075,0.0027702684590586,0.6209650177496078,0.03937271241810935,5.407414995077334,10.656430469458977,1.2628483813753455,0.6837087886507328
7,MTR20,20,0.0457133970947776,0.0478206415568636,0.002345492332998,0.6292606148867866,0.03758888491225015,7.313887193547345,16.563493053983308,1.8783069434171833,0.6932094334353263
7,MTR40,40,0.0497057690968997,0.0512428443495869,0.0016773374346977002,0.6289444701039959,0.0314765362221031,8.109730605045307,19.16487288632247,2.245526488122176,0.7958937678669351
7,MTR60,60,0.0319515263500916,0.0354010986472376,0.00319811716715605,0.5388035828375107,0.030354681933671003,9.592046614461106,17.10485313265308,2.4702153763487162,0.9701417571525631
7,MTR80,80,0.03460959456366005,0.03681162909999795,0.0022413485396453,0.5214552927975797,0.0282840334083082,10.067189542000246,19.518134548408838,2.7838508162810287,1.1785605928086262
8,Baseline,0,0.0367577897708769,0.0346911561651347,-0.0019107784906165744,0.6590911673917552,0.0428745984573653,4.361225749118006,11.256155712623368,1.1258141348948634,0.5559751557129229
8,MTR20,20,0.036880419623715,0.03848508429172775,0.0018434087452412998,0.5989557477246998,0.0376401240951905,5.689740689467456,13.617010973879928,1.4990234128347102,0.8551749454826785
8,MTR40,40,0.03636869374225965,0.03744634364620255,0.0006569498317441,0.5799162726890787,0.03655508850280205,6.27702282311575,14.630158030510813,1.6420425889956747,0.9245674028342158
8,MTR60,60,0.039426596235991596,0.0397482893503279,0.000296467937305,0.5743425205007766,0.0378894898569444,7.321073419497489,15.454379832484772,1.9992520427447533,1.1001864656043356
8,MTR80,80,0.039506160529303655,0.03954819159783225,0.0003854233555426,0.5469108832219451,0.0366486836667379,8.772155814885597,18.57364887596617,2.4713637411146774,1.2206864182938786
9,Baseline,0,0.02525788329865235,0.0266151045589901,0.0010327329198296501,0.6414561550087947,0.04477114788116365,3.629733387330764,12.323316366553911,1.1688305171731734,0.5635261653761384
9,MTR20,20,0.029976939474505047,0.02962039721450755,-0.00012095545490049993,0.6148676916800748,0.03917314295131745,6.145970121568789,13.971045954143065,1.2398952409714568,0.7245198007540734
9,MTR40,40,0.02930667487297965,0.0304182457270019,0.0011072709730662496,0.551147307196351,0.04235098455714285,8.320757388991467,17.804576616411808,1.522238038595753,0.8154919662074978
9,MTR60,60,0.02933487287166555,0.03018250886835355,0.0009860368023098,0.5452367718009772,0.0375877968947816,9.361062316555138,20.66724868103435,1.6887740611417932,0.8403588963835249
9,MTR80,80,0.030760024287627502,0.0311932306276171,0.0004026703726162,0.5344187875697473,0.038107540830969955,10.540119087860099,25.086782126113494,2.0322086698529818,0.8903909962435066
10,Baseline,0,0.015723941565383398,0.029270356134238153,0.013563155536552001,0.5227671871609334,0.0288173973814682,4.185877286919996,8.73333693031827,0.6262941435533231,0.4348352387116521
10,MTR20,20,0.029991073707337203,0.0254766306007912,-0.00482318290642405,0.5547438812711483,0.0319600569323325,5.077562197805954,11.034401401094712,1.0719811189894648,0.8513114391037491
10,MTR40,40,0.030528007917856852,0.025784793415422752,-0.003670070860980969,0.5310462788667076,0.03126029973676125,6.6285287030481905,13.031169302317707,1.3499386834837517,0.966612853449857
10,MTR60,60,0.0309254299595804,0.02734473478788065,-0.003612684526994,0.5097986067145819,0.029812478003615,7.628022371176357,14.55626065215517,1.6287138578381042,1.1143961044479316
10,MTR80,80,0.0314602730484856,0.027801644794942952,-0.00379565384055895,0.49387484777490653,0.029151557308577547,8.851232544763114,16.9992495082404,2.015008798928892,1.2534586954148148
12,Baseline,0,0.036557897048590096,0.03737935301421035,0.0009604707424054538,0.5730721072007987,0.035160708837788546,7.071478006274756,12.482354410479436,1.5814436077845284,1.0556252713096108
12,MTR20,20,0.0416165506952728,0.041900553364355844,0.00022657013418530018,0.570473046993107,0.03012527476980905,8.556941234292989,17.095942961271263,1.7784568357108173,1.2955618746894235
12,MTR40,40,0.045782205252547004,0.04589365881704875,0.0002931099274277498,0.563355628900519,0.029434360061134097,9.539410912661399,19.54590323698105,2.1348705471093816,1.535412653399429
12,MTR60,60,0.048787617119491394,0.0464071616161617,-0.00241452074028,0.5557655003896945,0.0293538581256428,10.531846597583048,22.259314898504076,2.492380209750676,1.6668836333560983
12,MTR80,80,0.04906007014998515,0.047453766552143,-0.0016129245737776,0.5525006412890099,0.028005614496531647,10.722840423065236,23.75266989448999,2.569578187934935,1.7067806882527314
13,Baseline,0,0.03779992948589245,0.02407038317947595,-0.013490207488838252,0.5606330709005556,0.0374586649926638,7.234053382829501,15.038128899466008,1.7085541291825663,1.0257354450201084
13,MTR20,20,0.04207959282581695,0.0278805412968917,-0.0141624742997033,0.5410548949788893,0.04348237434103765,9.894810504336153,21.980066000339832,2.172454159361702,1.1683895688866635
13,MTR40,40,0.0403104416217988,0.027489850955542898,-0.01271804940909315,0.506661578944371,0.0375604703646245,10.994569960488164,23.383486707013972,2.7140406523886274,1.3416359561469176
13,MTR60,60,0.04498621363290485,0.0323916410009802,-0.01253548176152625,0.5002253521167372,0.0389923781739272,12.541355840271562,29.812084257934792,3.3321738235211056,1.584287141900577
13,MTR80,80,0.04730909147395285,0.03436382544131075,-0.01281820906972175,0.5094210226549065,0.038679390710665146,12.749917865754835,31.402565672994406,3.547827606576991,1.615467905932559
14,Baseline,0,0.02705533824181605,0.025183504553560353,-0.0017390067179611,0.6055558856357464,0.0271086170585713,4.35174915429331,9.17854522167,0.9953393213119652,0.519475876561857
14,MTR20,20,0.0322681973865871,0.0306394703740541,-0.0015009504108006002,0.6281401231776884,0.0251398977179808,5.249801475334497,9.665250164777692,1.2601087042810966,0.6811285378809737
14,MTR40,40,0.034325604376154346,0.03269801471498415,-0.0017387211915169502,0.603102873344671,0.025535398309141102,6.840479869506564,11.442944083689879,1.5117876404920083,0.8568466874160954
14,MTR60,60,0.03578435247559815,0.034759250222162905,-0.00120808814246305,0.5648530380476946,0.022923372740242,9.302897424544296,16.12635499729994,1.9005265897163848,1.0357117186645206
14,MTR80,80,0.037843389813949954,0.03653841161670725,-0.0014902246043810002,0.5478686827508181,0.02194759361373045,10.17541710381943,17.761489294170904,2.2819720268678494,1.179300419319379
15,Baseline,0,0.0297983616975981,0.03081894381017465,0.0012133004376362502,0.5557448534072584,0.03216804645079885,5.585110603927191,13.508450821924951,1.4858945957862313,0.8342021597303739
15,MTR20,20,0.03702898299264875,0.0380473384862059,0.0010740324727467499,0.5920260316112147,0.0325408360773745,7.030736107881614,19.192425858904503,1.8728106331585173,0.9942969661968152
15,MTR40,40,0.0368999053826796,0.03739602969934795,0.0006133673444898,0.5603694532993515,0.0291388900995022,7.835495942250694,20.571315813118733,2.033844612701258,1.1097989963925055
15,MTR60,60,0.0371854647713758,0.03699902967676335,-1.661234862689997e-05,0.5416802305539965,0.027871373037992,8.635491235827189,22.633787320166157,2.3332421438910993,1.214087373565362
15,MTR80,80,0.04010075569442925,0.03582700753557495,-0.0038600426239669,0.5433012048675012,0.02892300892913615,9.140550749005913,28.485909414616863,2.9474016777379184,1.3125072108369698
16,Baseline,0,0.03231185048497265,0.03555013883217725,0.00325192532533095,0.5504575759117477,0.0572171206208592,9.378660551443971,25.980753532241526,2.018223965005928,0.7026021533999944
16,MTR20,20,0.04019938142909445,0.04091157983559275,0.000612140948367354,0.5884790042864765,0.0492914774338338,10.500275787072232,21.552221682456874,2.2592553700662017,0.5707773676086048
16,MTR40,40,0.039131664180766995,0.03967391840521545,0.00062275010099885,0.570289726005486,0.0432548874076008,10.445976166612793,20.924647851505537,2.387021305487668,0.6723236530552386
16,MTR60,60,0.04038565187036555,0.04094451379685335,0.0006058971119019506,0.5603052411792256,0.0451661563514328,11.536643989581275,23.89845943392975,2.9375074188024497,0.7530140271074475
16,MTR80,80,0.047116099905335496,0.0474162663490176,0.0003129018053252483,0.5723348885229858,0.046852994320149347,9.452642737411232,28.425008850467286,2.997675844094306,0.8125561802841192
17,Baseline,0,0.02873312998202335,0.02976078301553895,0.0010105120086543501,0.623798165664726,0.0352679990730548,4.776422881370364,9.276950864292973,1.0048218407594698,0.605563096931903
17,MTR20,20,0.02986443562013215,0.0307619814263752,0.0008422759040967003,0.5434797208104086,0.030351753327936153,7.798107447246385,13.833595057336414,1.482102087363895,0.8680477493498593
17,MTR40,40,0.033964477752449804,0.0345299220223457,0.0007137740076962997,0.5663753783055989,0.03111115537228475,8.096801075025976,15.571216382358385,1.666039975974186,0.8676401474970887
17,MTR60,60,0.03285056448550045,0.0326703214731128,-0.00021556045841735014,0.5290987312991879,0.0290562793730906,9.19995852709391,17.858656293986332,1.912145093667825,0.949535726586316
17,MTR80,80,0.0332489100234704,0.03332281944205935,0.0001581505018550004,0.5168171759049501,0.02554059279941365,9.918249209084454,19.776206989575357,2.1031853550655963,1.0177895457252621
18,Baseline,0,0.02169044898829275,0.03203550009863585,0.01027506559427175,0.6003323677526633,0.0274335901947523,4.744918303224827,10.085712844804664,0.9882686855261353,0.4563211040465174
18,MTR20,20,0.0440020569303335,0.04075535470762155,-0.0032685585551568003,0.7051423143093043,0.0301476087791364,5.368580893441877,11.573960771432496,1.3497792606775854,0.702998540014738
18,MTR40,40,0.0462346182689508,0.0386260969955835,-0.00762627306728575,0.6530545881862414,0.030387618317739097,6.4146262277372,13.458541347510806,1.5363905642251932,0.809522408676272
18,MTR60,60,0.03355470823923875,0.04230253659266195,0.00888574176292985,0.619155575827795,0.03103903455903305,6.882302727350661,13.439496609437256,1.5887190186246631,0.7509803023584927
18,MTR80,80,0.04503835847222665,0.0437051269304093,-0.0014387857734716003,0.634623391259538,0.03189132462367525,7.858783887861259,18.295821714322766,1.9132890684504358,0.926816202185522
19,Baseline,0,0.0228294018417319,0.03045502923862555,0.0075658664175215495,0.52567423136975,0.024049320380419598,6.672035950735166,12.916524695871137,1.3697881227359074,0.6495789021166791
19,MTR20,20,0.027815415651877052,0.04355262014727495,0.015553638087786452,0.5613697153185786,0.0296468596566601,7.532627156499944,14.254125670421695,1.7122282802148157,0.8222043909477579
19,MTR40,40,0.026113381736759,0.03972493551971925,0.01355630670221245,0.5240879377963698,0.02802114734300635,7.708651997387834,14.30026796332784,1.766643435706188,0.7984810399315939
19,MTR60,60,0.0290531962138492,0.0382891137273854,0.00925410959990115,0.5072445060138852,0.0275652570998776,8.560436904161921,17.109017536027313,2.2205199060103142,0.9180093965420124
19,MTR80,80,0.0333686567065822,0.04476798200475415,0.011458652261387852,0.5173243291690226,0.03054083696738375,9.61002813244402,22.95941852611071,2.7594548857514534,1.1908308454303267
20,Baseline,0,0.024433410415037597,0.0253620476551783,0.00101601294467245,0.5691199311080926,0.0415436436527377,5.079577798540376,15.024269908649572,1.7816436937868263,0.6429305501744124
20,MTR20,20,0.03617198525113105,0.03507112538782055,-0.0011098071009075002,0.6584041094063142,0.050594471365546304,15.785693811436452,40.77198358970663,2.2072202575786872,0.6695997956008013
20,MTR40,40,0.0410644661399659,0.03877310668963185,-0.0017565058941767502,0.6615215781543861,0.05055159654500205,16.260544528710458,45.19679580653717,2.780288625888356,0.7467151721482084
20,MTR60,60,0.0391753926804086,0.036920929396481,-0.0019787186699214004,0.6118039853342421,0.04794699657489105,19.64325129070903,51.750228707959046,3.1700432489152455,0.8249100124088427
20,MTR80,80,0.0403827613387522,0.03757949678830245,-0.002387600645759049,0.5922634529474693,0.046667973506155494,19.87256463762011,55.58294891752606,3.6137554755420633,0.8454158156844376
21,Baseline,0,0.0319533310718127,0.03315550696272125,0.00117176271972215,0.5630161265795968,0.029239131941163052,5.54400516436854,11.22880788177196,1.430734385518547,0.9724940336657804
21,MTR20,20,0.03162250366959755,0.023162917730679897,-0.00849414488773345,0.5275039564693439,0.0214904064481581,9.707959660100084,35.8141111587725,2.2303966313777055,0.8934919504023678
21,MTR40,40,0.03792749138171375,0.031154840752818498,-0.0069671973481664,0.5757430124979821,0.0249576448127262,9.357558525772294,31.561716870011313,2.6214152361740775,0.9311774577713712
21,MTR60,60,0.0358654268749839,0.0284446814806548,-0.00722485094040945,0.5436782025001039,0.024880978023411902,14.936092077072454,39.54910587151281,2.7512632885329147,0.9890736771148574
21,MTR80,80,0.0328474841989698,0.026103196075393402,-0.0067524709969572,0.5018084588215381,0.022598660957058397,10.887362378462807,40.817208125619054,2.78085884598035,1.015600861963502
22,Baseline,0,0.0305950870912921,0.03220444757526285,0.00158532602484,0.6477803423797301,0.0336008300473397,6.31985704114182,14.427494993429452,1.5797403762962545,0.7031397455237387
22,MTR20,20,0.035045740926125904,0.0318820078273226,-0.0032420548725476,0.6064781765909382,0.032941424979033795,10.478104226198388,22.227604018641095,2.0419196690380588,0.8904362848657985
22,MTR40,40,0.0369059576976129,0.03328643920794465,-0.0035722051356021998,0.586899225654057,0.03132390864946585,10.99152801985208,23.744944018101247,2.226943499854972,1.0697815343692094
22,MTR60,60,0.03496198734532525,0.03309058219182065,-0.001813989711651501,0.5522178403741826,0.0272159466717754,12.99943146912053,28.568388140540446,2.5493426654510336,1.1080832723289893
22,MTR80,80,0.0358229004622461,0.03353964854869785,-0.002291759060595501,0.545187202636741,0.0272500905487255,13.555266622859198,32.47060625707815,2.724105875854808,1.0564373071863022
23,Baseline,0,0.02158857399362775,0.03492429445955865,0.0119418649301637,0.6479984497596152,0.0291774381912612,4.1793610026123815,10.574887876194515,0.692835737200121,0.43739283059254863
23,MTR20,20,0.025702699142991697,0.05299279000043995,0.0269342425439682,0.6714580554845785,0.033878549170835145,6.048127717923228,21.481079356774938,1.4735582258867392,0.579713404737412
23,MTR40,40,0.03854117513830365,0.04497756495793065,0.0058697075607470495,0.6585510505517634,0.0334260629289667,7.528695765057985,23.0599903527349,1.8688004541177077,0.8522507114228812
23,MTR60,60,0.03422075337011335,0.0424796229879747,0.00870594794554555,0.6167505244453855,0.030920104662082247,6.545506850380295,15.47355610930844,1.6761879147376169,0.7514760294329366
23,MTR80,80,0.03424026938426405,0.06034772604581345,0.02550391034919665,0.6424905800215799,0.035101237511934155,7.355704284358676,24.506166748981396,2.0124786862056343,0.8411489550763518
24,Baseline,0,0.0285691575882656,0.0370664751686806,0.00845247334708315,0.6421260276996195,0.051396901521474955,4.224079554098622,11.263102048232913,0.8425651343758496,0.5431424427832405
24,MTR20,20,0.034132176124674146,0.0327327523946421,-0.0014242003016588004,0.6318099791536154,0.058132402057833904,6.923427717936361,20.388551624493186,1.665496578528644,0.648339104126427
24,MTR40,40,0.03783289815073185,0.03686565161935815,-0.0010517128151489,0.6092103101405579,0.05921558064701065,6.902128964403511,20.125378754230724,1.6422789936779623,0.8952891245157286
24,MTR60,60,0.04736337921691855,0.0456320136016509,-0.0017503143152066498,0.6136154177236768,0.058580298576350553,8.252306555602848,22.11719349555611,1.9060988095316094,1.2806607154381533
24,MTR80,80,0.050167996122543496,0.0480132494833743,-0.0018970593703920998,0.6124460028698796,0.058953664733209746,8.351783752319632,21.2767954495201,1.9752748394035422,1.5099379235275419
