subject_id,condition,goal_percent,side,ml_outward_peak_5_25,ap_braking_peak_5_25,ap_propulsion_peak_35_60,vertical_impact_peak_0_15,vertical_loading_slope_nbw_per_pct_0_15,vertical_first_peak_5_25,vertical_first_peak_timing_pct_5_25,vertical_midstance_minimum_20_40,vertical_second_peak_35_55,vertical_second_peak_timing_pct_35_55
1,Baseline,0,L,0.0495138262806671,-0.1439052300766783,0.1477474061841398,0.9650625580469384,0.1309459279542863,0.9650625580469384,14.0,0.6975642623872599,0.9565131672262304,48.0
1,Baseline,0,R,0.0516801869981599,-0.1456393675475459,0.1271122450045268,0.9667594761099904,0.1267122167770607,0.9726006251010768,16.0,0.6739864571496628,0.9300772208091356,49.0
1,MTR20,20,L,0.0745571338122883,-0.1597621961134952,0.195783032868296,1.123328146581222,0.174162485631268,1.123328146581222,13.0,0.7204549918322952,1.0188430505935884,46.0
1,MTR20,20,R,0.0815663988394828,-0.1966114128196835,0.1942801102383592,1.1533475395593322,0.1419702880393953,1.1533475395593322,15.0,0.6170100002983658,1.0073897365234898,48.0
1,MTR40,40,L,0.0752379120072984,-0.1710594254756027,0.1974139117712171,1.1338477134125229,0.2094794863030117,1.1338477134125229,13.0,0.6992872370063544,1.0281872819388649,45.0
1,MTR40,40,R,0.0813414940227743,-0.2094863777209622,0.2097358427949031,1.2050512861258973,0.1479303801400911,1.2050512861258973,15.0,0.5392909073636037,1.005786315677425,48.0
1,MTR60,60,L,0.0763350814519108,-0.170712777639318,0.2043679042344051,1.147124333454741,0.2120233434066044,1.147124333454741,13.0,0.6758131143462281,1.0141959032704313,45.0
1,MTR60,60,R,0.0865145074010754,-0.2268592819645227,0.2017282118940006,1.2446441951625955,0.1688203466277874,1.2446441951625955,14.0,0.5037499347015558,0.9705219198153848,48.0
1,MTR80,80,L,0.0773240241241863,-0.2179922662599907,0.2443651464578211,1.2272360824933868,0.2772179096676734,1.2272360824933868,12.0,0.5878916219894711,1.0783194194357983,46.0
1,MTR80,80,R,0.0908238829359264,-0.2549608593236883,0.2303780614381106,1.2696951183406868,0.2061165279424052,1.2696951183406868,13.0,0.4631938244833963,0.9742961326812996,48.0
2,Baseline,0,L,0.0567376648920287,-0.13729390122397,0.1761784736851825,1.0005209124308472,0.1301963917229812,1.0005209124308472,15.0,0.856782176078785,1.0395191680670943,48.0
2,Baseline,0,R,0.0616659743253077,-0.1873184774311491,0.1578437404656929,1.1537547283367575,0.1490909094310548,1.1537547283367575,15.0,0.7775580010227607,1.0978741896838948,46.0
2,MTR20,20,L,0.0606831416088231,-0.1243267805777962,0.2035950818892278,1.1643894988690948,0.1152688361150836,1.1643894988690948,15.0,0.6349168347348622,1.1132546409331672,47.0
2,MTR20,20,R,0.0734900366844894,-0.1747373560170707,0.1721629121752472,1.2038445984058177,0.1217464167316959,1.2038445984058177,14.0,0.6144380781231251,1.1111944912633338,46.0
2,MTR40,40,L,0.0634235469247061,-0.1393378647550933,0.2284912208007831,1.170977518768956,0.1245782819145475,1.170977518768956,14.0,0.6065074808467866,1.149767024269504,47.0
2,MTR40,40,R,0.0804633093129654,-0.1987449837368773,0.2106786899218606,1.2498958617558331,0.161175683232562,1.2498958617558331,13.0,0.5302943250817835,1.1601492471531936,46.0
2,MTR60,60,L,0.0767328489120177,-0.1017953832943286,0.299015225217471,1.1484517280424316,0.1972948069803396,1.1484517280424316,13.0,0.4297387814489407,1.2115066853783685,46.0
2,MTR60,60,R,0.1059529914369429,-0.1562345379435707,0.3849189060779616,1.3414833285841827,0.1960080785652662,1.3414833285841827,13.0,0.3041640706048673,1.3808089906750307,48.0
2,MTR80,80,L,0.1061745905087208,-0.2669359948313636,0.2955337510235552,1.4556202759389991,0.2361160591458552,1.4556202759389991,13.0,0.4268620523190052,1.129744716401971,44.0
2,MTR80,80,R,0.1204022090109219,-0.3209303326845667,0.3365545411210243,1.5414786008766934,0.2307324930373715,1.5414786008766934,13.0,0.2683653484615357,1.4558310930974645,46.0
3,MTR20,20,L,0.1233045898874205,-0.2891343176412643,0.21650011914647,1.2722571624021548,0.2764679959681369,1.2722571624021548,8.0,0.8275439829224164,1.1493955067420698,44.0
3,MTR20,20,R,0.107636491308916,-0.2712128103210302,0.2693964687114054,1.194288045013242,0.2434670099284732,1.194288045013242,9.0,0.8855923260430272,1.171972986919681,48.0
3,MTR40,40,L,0.1331817437230113,-0.2593235543117745,0.2314151249259436,1.2310672302761352,0.2459781756033577,1.2310672302761352,9.0,0.808389347436654,1.1613275168930957,45.0
3,MTR40,40,R,0.1273300321218222,-0.2736742652420391,0.2569922848012347,1.232082709731741,0.2551995057951176,1.232082709731741,10.0,0.8564587168161384,1.1984711002631814,48.0
3,MTR60,60,L,0.1489095786696565,-0.2782250074435419,0.2566945659786144,1.348273003353326,0.2966500385106548,1.348273003353326,9.0,0.7769771957504128,1.1780095552194112,45.0
3,MTR60,60,R,0.1395115635859261,-0.3314103472031782,0.2607484940320287,1.3531622393910678,0.2980751460912308,1.3531622393910678,8.0,0.7506875857353255,1.2073862842715546,46.0
3,MTR80,80,L,0.1505645873520082,-0.3717300953638844,0.2946295550109599,1.4212022326472955,0.4316880306896853,1.4212022326472955,8.0,0.5856559085773124,1.2105617035466003,45.0
3,MTR80,80,R,0.1479951842648624,-0.3895513099728606,0.3117631291854035,1.425264378431189,0.420609227751252,1.425264378431189,10.0,0.620861617304927,1.2136297791432833,46.0
4,Baseline,0,L,0.0709789319143311,-0.1864196122823092,0.1841304332526607,1.1457663867242749,0.1244615866937269,1.152142460186235,16.0,0.7224382546943298,1.0055649518273042,47.0
4,Baseline,0,R,0.0700425224948045,-0.178500398796037,0.1875173819888117,1.1269076786634404,0.1345004832591921,1.1447642095813184,17.0,0.7148287587599254,1.030008828980534,51.0
4,MTR20,20,L,0.0663460789090513,-0.2094759535022988,0.1857976923036036,1.3233973968694246,0.2361373029033369,1.3233973968694246,12.0,0.6393831280798326,0.8466672271557437,47.0
4,MTR20,20,R,0.0860496854261911,-0.2352889964179988,0.2297270793030289,1.3226098836736762,0.1886733642597962,1.3226098836736762,15.0,0.4663049277236422,0.9770538889865864,52.0
4,MTR40,40,L,0.0757324886299185,-0.2211436648321847,0.2151668269220774,1.3953848201939212,0.2131936779627006,1.3953848201939212,13.0,0.5857082104385594,0.8988538328313592,47.0
4,MTR40,40,R,0.0848580162171599,-0.2308233833010366,0.2347061738924724,1.3110240214913764,0.1900882310917218,1.312651827667038,16.0,0.4953401725718206,0.9898355624126992,52.0
4,MTR60,60,L,0.076788638055556,-0.2628940507449697,0.2479115757107083,1.4897161372209722,0.2485658089411506,1.4897161372209722,13.0,0.5498346410651583,0.9547505401829172,48.0
4,MTR60,60,R,0.0829828305656454,-0.2590382959911615,0.2678993477455634,1.3862961156563514,0.2033343664224129,1.3862961156563514,15.0,0.4598307696714235,1.0522717029476831,52.0
4,MTR80,80,L,0.0595878117762894,-0.2305238600007892,0.1873786686162482,1.301586828218604,0.2020003055826877,1.301586828218604,13.0,0.5982571365289665,0.89003018996741,47.0
4,MTR80,80,R,0.074188858905827,-0.2436128965367949,0.261105658905467,1.2842073822313669,0.1827084504377853,1.2842073822313669,14.0,0.4547426647873711,1.040820079476012,52.0
5,Baseline,0,L,0.0930774283954756,-0.1623812380372945,0.1632814039265474,1.036011673545583,0.1291156132798682,1.036011673545583,15.0,0.9033069712762476,1.037423017989504,49.0
5,Baseline,0,R,0.0982265982984486,-0.1416730979327941,0.189869451755756,1.0001585950387355,0.1125618454863892,1.0278526806160604,18.0,0.8873861447724029,1.07686252012991,49.0
5,MTR20,20,L,0.0838295422585653,-0.1726962106032934,0.1545398063232537,1.0825371198379403,0.1137796304973842,1.1019522603138996,17.0,0.8365749466209519,1.0043503178340305,45.0
5,MTR20,20,R,0.0632168988461997,-0.1633525148622935,0.2223459107992781,1.1095216259706242,0.1063830831484931,1.140838924167579,18.0,0.8415228248270591,1.1530397056578396,52.0
5,MTR40,40,L,0.0847409896693457,-0.1423047052429643,0.1717889145857411,1.014126819119668,0.1270987243112721,1.025261018660136,17.0,0.8700124756669626,1.0459912685453203,47.0
5,MTR40,40,R,0.0715723999297647,-0.1769450176740265,0.1940007356682775,1.0731195280057757,0.1193693697875341,1.0731195280057757,15.0,0.8427235097924926,1.1458883156586384,50.0
5,MTR60,60,L,0.0911398819292102,-0.1712040661670109,0.1864631871529734,1.0497101049184825,0.150341139399844,1.0497101049184825,15.0,0.8631682348915348,1.0114689919995536,46.0
5,MTR60,60,R,0.0818245480516269,-0.218521492489758,0.2216092477302662,1.2277078175771905,0.1390728746692498,1.2277078175771905,14.0,0.7602023045971655,1.1703889591999108,49.0
5,MTR80,80,L,0.1068626058116251,-0.2135557006654209,0.1867130006483952,1.1513027208179285,0.1812305592580705,1.1513027208179285,12.0,0.7782051965293743,0.9955176348976996,45.0
5,MTR80,80,R,0.0585978252939765,-0.1846019712065771,0.2039273022257872,1.0498825947771933,0.1006097542353492,1.0557591863984097,16.0,0.7954466669285565,1.066966840390561,51.0
6,Baseline,0,L,0.0633145120324928,-0.1237751157692294,0.1596329241289802,1.0397399248461885,0.1190718769654476,1.0425591780028929,16.0,0.7952199328558224,1.0305251124233918,50.0
6,Baseline,0,R,0.0695699064684398,-0.1198188059752967,0.1643088671583232,0.9956864539356248,0.1376297573705302,0.9956864539356248,13.0,0.8246542210458451,1.037734207333261,50.0
6,MTR20,20,L,0.038257165403926,-0.1036646648710431,0.1165391562942998,0.9263786680369068,0.1947874503059741,0.9263786680369068,12.0,0.6618110321023093,0.8123706406969345,44.0
6,MTR20,20,R,0.0616577028228332,-0.2067775891597004,0.140393769028269,1.1478996247332116,0.1667035119404461,1.1478996247332116,12.0,0.5084701284552103,0.8005068396923705,45.0
6,MTR40,40,L,0.0475820349727727,-0.1777859564510688,0.1561082614691919,1.1156352400928944,0.2520864164454044,1.1156352400928944,11.0,0.6974420883740794,0.8844335080119538,44.0
6,MTR40,40,R,0.0614840055430551,-0.2145137575125146,0.1659638828956224,1.1871768969388408,0.1996793143450453,1.1871768969388408,11.0,0.57950711896567,0.8612139006850593,45.0
6,MTR60,60,L,0.0436639535990019,-0.1648558888993058,0.1737938236451395,1.099521791632019,0.2393197389570829,1.099521791632019,11.0,0.6535831823670161,0.8724821475672603,43.0
6,MTR60,60,R,0.0620521272923701,-0.2462049594516648,0.1535515459838168,1.165037477638826,0.192688308204922,1.165037477638826,11.0,0.5061346140338148,0.844027985539206,48.0
6,MTR80,80,L,0.0497020197847148,-0.1539174200969472,0.203472155960057,1.1099510425217876,0.2796946750833882,1.1099510425217876,12.0,0.699020510971222,0.958628831305512,46.0
6,MTR80,80,R,0.0691087487484168,-0.2621935938541933,0.1971919266289108,1.36415323440305,0.250234074282701,1.36415323440305,10.0,0.4825924351712292,0.8933142266262991,48.0
7,Baseline,0,L,0.0868745841616864,-0.1581087959334196,0.1655144149412038,1.101140706441714,0.1179603931450174,1.121813612588384,17.0,0.8848606828962894,1.093823647398822,48.0
7,Baseline,0,R,0.0879700967512884,-0.1563371397485379,0.1847690082617676,1.0573516451743947,0.1037214747227831,1.100213601906825,18.0,0.8968876794843154,1.0982522932582182,49.0
7,MTR20,20,L,0.0917361392919523,-0.2370017622385439,0.2010569860816603,1.2953692894694968,0.1587083622168005,1.3019852300212675,16.0,0.7191535699453198,1.0461082345849764,49.0
7,MTR20,20,R,0.086990393486217,-0.2691510847684514,0.1981518540550835,1.3445413694814594,0.1607495981249266,1.3445413694814594,15.0,0.6757064428230453,1.0484998907042993,48.0
7,MTR40,40,L,0.0783471673090091,-0.2484185483263453,0.2354929679023948,1.3369776181886863,0.171172244058064,1.3369776181886863,15.0,0.6671507505301314,1.0306651568170038,49.0
7,MTR40,40,R,0.0739370224587749,-0.2938277964354679,0.1963442218555643,1.3187552260938835,0.18680489526048,1.3187552260938835,14.0,0.6555698967307929,1.007279931661352,51.0
7,MTR60,60,L,0.100495735723429,-0.2250455623073665,0.2287100863567891,1.1805477040373558,0.1514966334428619,1.1805477040373558,13.0,0.776478174230843,1.1387156326480932,49.0
7,MTR60,60,R,0.1005421857849952,-0.2058428885840228,0.2203028848362781,1.1181048003702443,0.1424228496799006,1.1181048003702443,13.0,0.7474581407757623,1.096860111066374,51.0
7,MTR80,80,L,0.0966203934036527,-0.2398610546070936,0.2426640565310917,1.1980005103081688,0.162676436162652,1.1980005103081688,13.0,0.7319177003252602,1.1044587523798397,48.0
7,MTR80,80,R,0.0888135888015278,-0.2251253458337798,0.2377193303521708,1.1848714629661774,0.1522426041616117,1.1848714629661774,14.0,0.7266201247290669,1.1090019559792863,49.0
8,Baseline,0,L,0.0798632436342915,-0.1525443512355944,0.126674896537183,0.9642939678890384,0.1130521005118598,1.0410459640986405,19.0,0.8553587519359007,1.010809303749951,47.0
8,Baseline,0,R,0.0848007659908548,-0.1413591478683335,0.143884125310777,0.9213240045282208,0.1119999713231659,1.0466014789895568,20.0,0.7765601368861162,1.0190981722951555,48.0
8,MTR20,20,L,0.0885953157056532,-0.1974200791646443,0.1798549358857553,1.067699170563232,0.1223273085545427,1.0685910760124295,16.0,0.7517692146582755,1.0237721419220216,48.0
8,MTR20,20,R,0.0871003715761966,-0.1517611357022196,0.1944215938099463,1.0491745353492894,0.1439966184386719,1.079486840804891,18.0,0.7096367791332382,1.006050333774585,51.0
8,MTR40,40,L,0.0825100171082375,-0.172979595722334,0.1753911675179327,1.039411928624619,0.1531465250145013,1.039411928624619,15.0,0.7375076695528365,0.990038559879342,48.0
8,MTR40,40,R,0.0919707500892289,-0.1618275097788861,0.1863064273355656,1.0128654320813626,0.1289331373885043,1.0163302422889715,16.0,0.6427837176078558,0.9203670743611037,48.0
8,MTR60,60,L,0.0979854344236441,-0.2190142261050405,0.2088717252340301,1.1459594946787892,0.1495610749381428,1.1459594946787892,13.0,0.7266089962848338,1.038291231086067,47.0
8,MTR60,60,R,0.1083138587656954,-0.2039811104111294,0.2546395428390388,1.173046476101238,0.1336456731725105,1.1752622295761406,16.0,0.693063171139204,1.076681063744754,48.0
8,MTR80,80,L,0.1060218863542675,-0.2465969191050359,0.2503783749398918,1.231707916020165,0.1889008702129309,1.231707916020165,13.0,0.6725371293953752,1.0961952726219726,47.0
8,MTR80,80,R,0.116196937919183,-0.2328063129473086,0.2614344305795761,1.2511809281454491,0.1629627613178809,1.2511809281454491,15.0,0.6557912719183278,1.0569693348793114,48.0
9,Baseline,0,L,0.0715631322914483,-0.1301646792329701,0.1239447596655265,0.924680257289298,0.1447660706947916,0.9854014190185828,20.0,0.9238059947948962,1.0460645467863472,47.0
9,Baseline,0,R,0.068844140411432,-0.124176313046405,0.1408189377556548,0.8394455978361037,0.1199126103786049,0.9744002366379344,25.0,0.9302697629164548,1.0318099487415269,49.0
9,MTR20,20,L,0.0761643850022718,-0.142254478245094,0.1487018213878909,1.158726154479739,0.159072679605907,1.158726154479739,15.0,0.8721843497696007,1.019129968487747,44.0
9,MTR20,20,R,0.0830229018369665,-0.1325402995411613,0.1739329343045828,1.018118287121634,0.1353882780197889,1.045271077762528,19.0,0.9291403776515896,0.9598781914928314,46.0
9,MTR40,40,L,0.0939361569508441,-0.1945637250159269,0.1628353076504675,1.3805064302303247,0.184976463135489,1.3805064302303247,15.0,0.7961153151848719,0.956465619210875,47.0
9,MTR40,40,R,0.1145734536213799,-0.1501267815969448,0.1958833544769639,1.2767206057402498,0.1566285158669683,1.2847464307983758,16.0,0.825332990860128,0.8894329078214792,47.0
9,MTR60,60,L,0.0890777473616822,-0.1886165031564254,0.1857000444748619,1.437832949028565,0.2136282098997325,1.437832949028565,14.0,0.7951527494803352,0.944716768294905,45.0
9,MTR60,60,R,0.1103910767182462,-0.1832209808785171,0.1842929069679651,1.3415276795318996,0.1806678568014703,1.3415276795318996,15.0,0.8219065636999056,0.8699483357674638,46.0
9,MTR80,80,L,0.0989261715064986,-0.210330111859911,0.1956883795779629,1.495488594773333,0.2373887433669705,1.495488594773333,14.0,0.7488627045213128,0.9514673756855816,46.0
9,MTR80,80,R,0.1228332895448084,-0.2106681770388215,0.1964937065830622,1.437054507448969,0.217084480280971,1.437054507448969,14.0,0.769865379200391,0.8878218257214515,46.0
10,Baseline,0,L,0.0531990695932978,-0.0955882773728097,0.1434237401557707,0.8526499149438665,0.1009769214989825,0.905016830889296,19.0,0.723810194525913,0.9571981735648434,48.0
10,Baseline,0,R,0.0555606748368795,-0.1077200253499847,0.1243240736707116,0.848595406194331,0.080611398188098,0.9458269890512584,19.0,0.7081996931235345,0.956647767752412,47.0
10,MTR20,20,L,0.0634131867698953,-0.1366567785676143,0.1615627611066911,0.9335308414288654,0.1105189203645607,0.9552433313486578,18.0,0.7730955540193672,1.0028609567345532,48.0
10,MTR20,20,R,0.0659163149164151,-0.1479118549636936,0.1408276995639939,0.9759962366309732,0.1053509712791621,1.025329608613292,18.0,0.7671628383727539,1.00982524132505,49.0
10,MTR40,40,L,0.069189439313861,-0.1627958285681822,0.1815706989481139,1.0461149246910777,0.1287122629707023,1.0461149246910777,15.0,0.7437531967404045,1.034372219169618,48.0
10,MTR40,40,R,0.0701613849732442,-0.1739433846659152,0.1607207324559295,1.086702952201366,0.123921736040463,1.0967455183659711,16.0,0.7305028483332365,1.0550150124290367,48.0
10,MTR60,60,L,0.07329546361094,-0.1846894367483711,0.2003462482410914,1.084526706772854,0.1396848095847982,1.084526706772854,14.0,0.7216123517696724,1.0369948375204443,48.0
10,MTR60,60,R,0.0730024238041421,-0.1947044989611496,0.1784884571417119,1.144276735197408,0.1301839674176664,1.144276735197408,15.0,0.7256530967110176,1.046468570794126,48.0
10,MTR80,80,L,0.0724285396856801,-0.2049441726204032,0.2180820716449281,1.1317951391541994,0.1534239468403905,1.1317951391541994,13.0,0.6716797404798044,1.0656809798704263,47.0
10,MTR80,80,R,0.0757610113358686,-0.2272582122643221,0.1921220357050623,1.219822203582639,0.1506403656032157,1.219822203582639,14.0,0.6769451888645064,1.080438920591421,47.0
12,Baseline,0,L,0.0808233526292893,-0.1970991359775636,0.2355734111567843,1.1983509892518032,0.1256295104959258,1.1983509892518032,15.0,0.6754429599185426,1.1794422412622216,49.0
12,Baseline,0,R,0.0791030791599561,-0.2001192108266972,0.2237064362957428,1.2020441980019834,0.1248072217782566,1.2020441980019834,15.0,0.6999054663094624,1.1508573001205094,48.0
12,MTR20,20,L,0.0678589691174181,-0.2272493011262427,0.2935567674805737,1.427360276130625,0.2160870721297186,1.427360276130625,13.0,0.5431797390147128,1.2221090180930516,46.0
12,MTR20,20,R,0.0996642145850823,-0.2183008166076976,0.2421552252633712,1.2988137196198832,0.1463941512926617,1.2988137196198832,15.0,0.6063224540078834,1.028049887193342,48.0
12,MTR40,40,L,0.0712810142261582,-0.2646961278008387,0.331421544022108,1.5150022476954712,0.2489067020308243,1.5150022476954712,12.0,0.4518530331868367,1.2824774312303355,46.0
12,MTR40,40,R,0.1065428546141199,-0.2650332929740314,0.2895819541248395,1.3796972221689687,0.1581049683232,1.3796972221689687,14.0,0.4751963144020301,1.0810356085508528,49.0
12,MTR60,60,L,0.0766762615274099,-0.2931323076658841,0.3446072682724139,1.5840290928951797,0.2819980068975525,1.5840290928951797,12.0,0.3955882394901958,1.3033715956738536,46.0
12,MTR60,60,R,0.1140758234911411,-0.2957059420739072,0.2973201484884585,1.425291005926776,0.1702018717250348,1.425291005926776,14.0,0.431187393267274,1.0628141924125594,49.0
12,MTR80,80,L,0.0723294907103193,-0.2944663114561986,0.3639377337213226,1.6031624108728342,0.3059868584163397,1.6031624108728342,12.0,0.3780472792039568,1.3157097712975354,46.0
12,MTR80,80,R,0.1143694898850275,-0.3062068531879713,0.3091293043716845,1.4469923836362792,0.1808361831027277,1.4469923836362792,14.0,0.4293240954988372,1.033873233850847,49.0
13,Baseline,0,L,0.1060688498786642,-0.1603219400284604,0.1887542252070448,1.163535632474245,0.1523519280550002,1.164734536144683,16.0,0.8360533469731567,1.0637487164476245,46.0
13,Baseline,0,R,0.1127758214165549,-0.2023645386180949,0.1699798346483399,1.2037238796194132,0.1303083479544102,1.2037238796194132,15.0,0.8550916247860709,1.0831340021857296,48.0
13,MTR20,20,L,0.1347616550255333,-0.2472677703247529,0.1732375955251689,1.3519976474260655,0.2369437292539745,1.3519976474260655,13.0,0.761630260876613,1.043305034105888,45.0
13,MTR20,20,R,0.1330113038466486,-0.220297318223244,0.2546554324467322,1.4314330553231946,0.1836990805852051,1.4314330553231946,14.0,0.6851054746763219,1.098892504978917,49.0
13,MTR40,40,L,0.1379724549804384,-0.2732418720775768,0.1865250052641591,1.3990316751793077,0.2291819102152925,1.3990316751793077,12.0,0.6847378561897495,1.0428393237950468,45.0
13,MTR40,40,R,0.1146336518659944,-0.2215017548486342,0.2690089921349559,1.4195018199798135,0.1890633691441309,1.4195018199798135,14.0,0.7023381416574302,1.1352416813641046,48.0
13,MTR60,60,L,0.1444682523395367,-0.3030709207463067,0.2387655077247498,1.5243696544626462,0.2712093086310951,1.5243696544626462,13.0,0.5690311841070118,1.0291221762005067,46.0
13,MTR60,60,R,0.1359905592787854,-0.2977959768392726,0.3261136143503091,1.6376200917186017,0.2510094566062465,1.6376200917186017,14.0,0.5069010698327043,1.1746610393887396,48.0
13,MTR80,80,L,0.1417370410990579,-0.3172278908253254,0.2654627748337138,1.5492465534731397,0.3001465859370167,1.5492465534731397,12.0,0.5727527156659562,1.0791047741359627,46.0
13,MTR80,80,R,0.1389783267304569,-0.3222649670219908,0.326814118214969,1.6412565645507158,0.2620523294201962,1.6412565645507158,13.0,0.4935262507025774,1.1553290175074264,48.0
14,Baseline,0,L,0.0471419337092425,-0.1408151406774331,0.1330856725878087,0.9476450825676818,0.0988932468258106,0.9838103687435034,18.0,0.8762524352244024,1.0201333278209743,49.0
14,Baseline,0,R,0.0557906800416561,-0.1291194472660874,0.1353015467730238,0.9149535376733952,0.1003937383400247,0.9657911314627776,19.0,0.8968779452246329,1.0601639702273649,50.0
14,MTR20,20,L,0.0453582041243332,-0.1647118765623358,0.1557541423868033,1.0326014414897893,0.1088954579081863,1.0326014414897893,15.0,0.858602385114303,1.008934204346165,47.0
14,MTR20,20,R,0.0490001297169683,-0.1426684950222702,0.1591624838769044,0.9454785256616592,0.0946934961080912,0.9498290277114892,16.0,0.8788888274734555,1.0002013400397451,50.0
14,MTR40,40,L,0.0526263519727281,-0.1855515496948762,0.1849273953284961,1.1326643017149411,0.129303085793719,1.1326643017149411,13.0,0.8010622145177505,1.0406414558039825,46.0
14,MTR40,40,R,0.0598500252083725,-0.1657676726985225,0.1833736575563086,1.0297852705404789,0.1030150782112272,1.0297852705404789,14.0,0.8739964822258469,0.9859627289667652,50.0
14,MTR60,60,L,0.0583910649695975,-0.2078745979572716,0.2070212987679111,1.2471823050371993,0.189128678805131,1.2471823050371993,11.0,0.7258057481445181,0.9678451103542004,45.0
14,MTR60,60,R,0.0629223348729992,-0.1684270470564675,0.171682462874487,1.0881942298700351,0.1184081949201861,1.0881942298700351,13.0,0.6871756283541167,0.8617106346786931,51.0
14,MTR80,80,L,0.0595984541939549,-0.2366364965020648,0.2302830938010696,1.3214722660128864,0.1909232432123621,1.3214722660128864,11.0,0.6829651215503009,0.9843482435456334,46.0
14,MTR80,80,R,0.0613716974668596,-0.1860215722190891,0.1835737642781503,1.113162378801722,0.1424434876669239,1.113162378801722,12.0,0.6988282081501251,0.8698162182032124,49.0
15,Baseline,0,L,0.0779111920562195,-0.1684619775768102,0.1962267800389835,1.0383407281657944,0.1403967262489944,1.0479087725412572,16.0,0.7541676621774911,1.0744596241757192,50.0
15,Baseline,0,R,0.0735503415241365,-0.1611605835935238,0.2027740864100007,1.0097443692808965,0.1356850532039136,1.0425823330666135,17.0,0.7718481980519006,1.0424568146191957,50.0
15,MTR20,20,L,0.1171958491569528,-0.2168602514714293,0.2240634231917264,1.2770988042634464,0.257405465989699,1.2770988042634464,13.0,0.6733932495093027,1.12315969046245,46.0
15,MTR20,20,R,0.0792454028441288,-0.1566016715651492,0.2176152153117074,1.0307151669654426,0.1337714989987718,1.040042484407898,16.0,0.8097181818044714,0.8644716954109783,51.0
15,MTR40,40,L,0.1115015268891977,-0.229801155316844,0.2521840893399436,1.330008231316751,0.2691501927030721,1.330008231316751,12.0,0.6237867956789374,1.1493651430331002,46.0
15,MTR40,40,R,0.0861276105848619,-0.1685125348425062,0.2199777374836782,1.0448890432393807,0.1284372908150055,1.0532189564833492,16.0,0.7476959178364977,0.8427619706916653,51.0
15,MTR60,60,L,0.1145113489694238,-0.2448250118984603,0.2773885340238088,1.380081392100703,0.280412727929838,1.380081392100703,12.0,0.5897328861595763,1.1710513213288052,47.0
15,MTR60,60,R,0.0968337986191744,-0.1969259667092385,0.21583156121791,1.1147584091464515,0.1439292759926686,1.1147584091464515,15.0,0.7470281645757721,0.8468149798124337,50.0
15,MTR80,80,L,0.1223768935250077,-0.2618033952156295,0.2850238992234887,1.414140923939303,0.3165539931072521,1.414140923939303,12.0,0.5777219700632849,1.1591884825493726,48.0
15,MTR80,80,R,0.1108835665942645,-0.2314645089792183,0.2101263621141817,1.147183735972443,0.1930179581138651,1.147183735972443,15.0,0.7721348463459141,0.8710843763278612,48.0
16,Baseline,0,L,0.1428402373589054,-0.1843946751460453,0.140415145419615,1.351375992610821,0.2635770041408949,1.351375992610821,14.0,0.6400240011398808,0.9325916815304558,43.0
16,Baseline,0,R,0.1444035430269828,-0.2224328009637914,0.138565436305064,1.447913040228603,0.2225667252627506,1.447913040228603,14.0,0.5720608393362011,0.9602806610014856,46.0
16,MTR20,20,L,0.1301834747761535,-0.3488342779623521,0.0598762588189379,1.2632859143065354,0.3313488587262973,1.2632859143065354,7.0,0.7565873490714798,1.03314993282721,38.0
16,MTR20,20,R,0.0837517193153064,-0.0353555693536795,0.2548429625441432,1.0022382463598982,0.0983809633778834,1.029762268164084,18.0,0.8636647340060601,1.0797461564392188,44.0
16,MTR40,40,L,0.1116239479885348,-0.363591571055825,0.0798444262338456,1.2518143315384271,0.3019947397544693,1.2518143315384271,7.0,0.7265861318643176,1.0317986047892642,39.0
16,MTR40,40,R,0.0834462495961286,-0.0552504269447024,0.2728569511153498,1.0833500362813413,0.1014811500602441,1.0882767950164267,16.0,0.7812845122821213,1.1216147724735417,44.0
16,MTR60,60,L,0.1255018187629195,-0.4058803916075276,0.0893213269705184,1.3483796722800785,0.3346208290361041,1.3483796722800785,7.0,0.6604629818110177,1.03693436646251,37.0
16,MTR60,60,R,0.0860743464350213,-0.0847491499083713,0.295533790067656,1.0817711919449469,0.1143366537172461,1.0818903454057232,16.0,0.7398442945748226,1.1428288065247367,45.0
16,MTR80,80,L,0.1142630997093723,-0.4517234544053966,0.0941620279961276,1.4492756988330808,0.3833724263884447,1.4492756988330808,11.0,0.6083544526369402,1.0461634740528345,40.0
16,MTR80,80,R,0.0900364050945439,-0.0969697326356279,0.3321572565033377,1.109911049800117,0.1335327487501674,1.109911049800117,14.0,0.679077708640561,1.1598756747733516,44.0
17,Baseline,0,L,0.0707233431282188,-0.1439993802860571,0.1535424712735462,1.0035043244740471,0.096983036156517,1.0269288526765663,17.0,0.9089167214053924,1.0186032386027923,49.0
17,Baseline,0,R,0.07640871031075,-0.143811467375708,0.1605196264729626,1.03037125220556,0.1016865076040068,1.0709361382094988,18.0,0.9075811862370258,1.0667492348032666,49.0
17,MTR20,20,L,0.0751280820195431,-0.1625010055199202,0.182129541877677,1.255931496150168,0.1601307898834577,1.255931496150168,13.0,0.8016464402866182,1.0428586430526223,47.0
17,MTR20,20,R,0.0994908129798402,-0.2033102572993482,0.2111863768638496,1.2263376681244176,0.0982178219962248,1.2418683197426463,17.0,0.6398858963626054,1.0021203811586838,52.0
17,MTR40,40,L,0.076868329555719,-0.1933453349874935,0.1948735766375735,1.3488527823113052,0.2059684731709205,1.3488527823113052,12.0,0.7706294063793327,1.0542218343421197,45.0
17,MTR40,40,R,0.0938928238150924,-0.2110577928380518,0.225041758049833,1.1985221097396566,0.1038509144516594,1.2126881466791164,16.0,0.6734059406307502,0.92264104160309,53.0
17,MTR60,60,L,0.0808211554034801,-0.1995397780157373,0.2077641569115354,1.382935865717365,0.2169265678874085,1.382935865717365,12.0,0.7429395043872608,1.064443729989785,46.0
17,MTR60,60,R,0.1045250339841828,-0.235748444413864,0.2304853033473429,1.2880717487790738,0.1109117841288067,1.2947458595972037,16.0,0.5675989880383755,0.9266083502267208,52.0
17,MTR80,80,L,0.0764913209498943,-0.2035549620991287,0.2276450269526758,1.4199887427103035,0.2350970714070567,1.4199887427103035,12.0,0.7137518867911697,1.0663021569621791,46.0
17,MTR80,80,R,0.1014233897533381,-0.2605887105495073,0.2374477293874718,1.3460980058678902,0.1189272494820359,1.3460980058678902,15.0,0.5310432058402343,0.9149255563141386,52.0
18,Baseline,0,L,0.0640238093186429,-0.1392692888951676,0.1505475843214895,1.018779281859402,0.1018495295029988,1.0373346381567272,17.0,0.8938016048878585,0.998250486113457,47.0
18,Baseline,0,R,0.067958938316635,-0.1204625424601649,0.1541244455630193,0.954144709960996,0.1060808664131981,0.9937554550146686,18.0,0.8949893062506843,1.0092318299556855,48.0
18,MTR20,20,L,0.067842584132495,-0.1731566161030257,0.1886165491267447,1.1035264405045782,0.1460380086467716,1.1035264405045782,15.0,0.8768430866835418,1.0140099544905274,45.0
18,MTR20,20,R,0.0715817278755303,-0.2072852298812551,0.206855900855685,1.1341144574697342,0.1275987177567643,1.1341144574697342,15.0,0.9358172527276818,0.973297363829684,50.0
18,MTR40,40,L,0.0757752326569729,-0.2031889463460275,0.1970941807191146,1.2285606400083644,0.1428976921734761,1.2285606400083644,13.0,0.8199334511994122,1.0462288290356343,45.0
18,MTR40,40,R,0.0870236783706997,-0.2288025269243731,0.217804549437964,1.1325396016856324,0.1464496667246674,1.1363318633099893,16.0,0.8797922782089759,0.9946788442260462,51.0
18,MTR60,60,L,0.08498730792509,-0.1807588327998862,0.210241454502469,1.1873652793111742,0.1338064508160666,1.1873652793111742,13.0,0.8377778540017482,1.039054544552402,45.0
18,MTR60,60,R,0.0839654172562351,-0.212095664747195,0.2255424617169201,1.180313477404347,0.1402256361490016,1.180313477404347,15.0,0.9168688753279088,1.064584109100944,48.0
18,MTR80,80,L,0.0876319991224738,-0.2328080198246061,0.2302729241989599,1.3233069253257366,0.2010738304064095,1.3233069253257366,12.0,0.79361393104306,1.0371867780529482,45.0
18,MTR80,80,R,0.0887055492135114,-0.2401783936088533,0.2439497243792382,1.222017559728953,0.188223555276055,1.222017559728953,15.0,0.9378531187233644,1.0052250174335011,48.0
19,Baseline,0,L,0.0604394860392408,-0.1695156369537999,0.179712201784508,1.0519490493068682,0.1231604962157939,1.0519490493068682,15.0,0.7149708691815884,1.1085401168580922,47.0
19,Baseline,0,R,0.0675363095094657,-0.1534374050052429,0.1986792387281036,1.0822586972201116,0.1191743169530829,1.0822586972201116,14.0,0.6992593741534773,1.1441172493905518,47.0
19,MTR20,20,L,0.0722368168159104,-0.2020391628646768,0.1776096383087218,1.0679040739267258,0.1527138881715104,1.0679040739267258,12.0,0.6874164538643793,1.099754388013369,44.0
19,MTR20,20,R,0.0629767223308687,-0.1692282270250669,0.2861080694462884,1.1247139891318652,0.1352057526233858,1.1247139891318652,12.0,0.6524669604166664,1.2353770617050852,48.0
19,MTR40,40,L,0.0781939915250877,-0.2099640894191192,0.1777439978104856,1.0737996558362677,0.1321027731002333,1.0737996558362677,13.0,0.6426160172502381,1.1210277385088072,46.0
19,MTR40,40,R,0.0597388378617697,-0.1687415737030985,0.277328010455903,1.1633859050978883,0.1275857045790197,1.1633859050978883,13.0,0.5818988567850625,1.2615056879305429,48.0
19,MTR60,60,L,0.0837910786133903,-0.2318912586904574,0.1984107644462211,1.1127153095803697,0.1562371747774803,1.1127153095803697,12.0,0.5978512600884532,1.144269615246508,46.0
19,MTR60,60,R,0.0706936021304818,-0.203545709875353,0.2895995737878016,1.2011601671917147,0.1561526622855678,1.2011601671917147,13.0,0.5575875637174657,1.2845765630956096,48.0
19,MTR80,80,L,0.0873095734772095,-0.2676370986271056,0.2380706661110355,1.195673648211219,0.2398409882664848,1.195673648211219,11.0,0.5782302226926813,1.131630173410301,46.0
19,MTR80,80,R,0.0776372147401417,-0.2159451971123623,0.3286831320438209,1.1970206775736223,0.2170546480466292,1.1970206775736223,11.0,0.5602421262658732,1.276690526937062,46.0
20,Baseline,0,L,0.0982956463538788,-0.155249085173259,0.1390608213283268,1.0147848316413677,0.1516488311332277,1.0523373853145055,18.0,0.9218578581374426,1.0789551577427647,45.0
20,Baseline,0,R,0.0966764246487659,-0.142753004484703,0.1598841984893955,0.94350820401567,0.1443611859847608,1.0642674618195882,20.0,0.9457841112695096,1.073044267497791,49.0
20,MTR20,20,L,0.144749700744861,-0.2174308373607622,0.1939253061827881,1.5982294589208317,0.587124755418415,1.5982294589208317,5.0,0.7894467849164443,1.049148752478976,40.0
20,MTR20,20,R,0.1087298924144841,-0.1717889833438616,0.1240582520826021,1.1159553329720004,0.2182976395067402,1.1167362065812083,16.0,0.9397753412221737,1.0166129562347703,35.0
20,MTR40,40,L,0.1335610477434961,-0.2363446800018485,0.2323245997774453,1.6088396131947504,0.6069065007111568,1.5926311573901537,8.0,0.7315609716072216,1.093623648914391,41.0
20,MTR40,40,R,0.1075964640563929,-0.2151994044780235,0.1381876026607217,1.1420473770203885,0.2426961074699735,1.1420473770203885,14.0,0.9303090127683172,1.0018486522418748,35.0
20,MTR60,60,L,0.1541538156027664,-0.2315112528492703,0.2391733817321947,1.715608626112228,0.6344368945881905,1.7125170550898752,5.0,0.6820046752547533,1.0801212714487958,40.0
20,MTR60,60,R,0.1130799163395174,-0.2717844283809523,0.160621367242624,1.2176258925446375,0.3057632282407266,1.2176258925446375,14.0,0.8738462908988954,0.9433245282614589,35.0
20,MTR80,80,L,0.152659304870351,-0.2191386956667361,0.2628126560266323,1.7028747118702268,0.6156268609200932,1.7028747118702268,5.0,0.6501460176567968,1.0306853088872947,41.0
20,MTR80,80,R,0.1203168454830472,-0.3331207508428709,0.1509293505574507,1.3044638737127094,0.3544457456430882,1.3044638737127094,14.0,0.8805319409611817,0.9290867339178218,35.0
21,Baseline,0,L,0.082143225593895,-0.1908570822332635,0.2118109388638301,1.0529965928351794,0.1043114785890662,1.0862797905924826,18.0,0.7906385337761563,1.0773596424335243,48.0
21,Baseline,0,R,0.0810689189421234,-0.1661975744056093,0.2192151715162061,1.0570892252409574,0.1148643080180406,1.0703367685928369,17.0,0.827207256486199,1.08199373413723,48.0
21,MTR20,20,L,0.0622631466954754,-0.2708500505549288,0.2191396125025511,1.533059605102583,0.443900106706269,1.533059605102583,11.0,0.7026336159172988,1.004488713135821,47.0
21,MTR20,20,R,0.0833335013712601,-0.1451112061957,0.058546810458515,1.0960655883365118,0.1608367097473458,1.135363483153222,18.0,0.6981696529868933,0.8883868751464727,35.0
21,MTR40,40,L,0.0684322746789553,-0.2885063366747268,0.2352633530613682,1.42471202639367,0.4270012709826368,1.42471202639367,11.0,0.7175222162142938,1.050738591608168,44.0
21,MTR40,40,R,0.0849296262310744,-0.1619218647869458,0.1078749983159443,1.0067850823150557,0.1526411741250665,1.0067850823150557,15.0,0.8915333038486011,0.9679450927196226,36.0
21,MTR60,60,L,0.0669756854651474,-0.2738192075039649,0.2534067828052526,1.4710696330359638,0.4892733563016451,1.4710696330359638,10.0,0.6723983826053029,1.0754341488728378,45.0
21,MTR60,60,R,0.0961195654859295,-0.1788527844175975,0.0944593998358065,1.045750626032484,0.1935542277318082,1.045750626032484,14.0,0.8657476938035816,0.8942551067411894,36.0
21,MTR80,80,L,0.0674676353511155,-0.2836164991452967,0.2469405972007833,1.5405476114164318,0.4099794929899905,1.5405476114164318,12.0,0.6569558271258819,1.013945706702128,46.0
21,MTR80,80,R,0.0961463453126488,-0.1824096233197626,0.1084142522197765,1.2002094153840328,0.239070784369985,1.2002094153840328,15.0,0.7723195523314198,0.8404897144678249,35.0
22,Baseline,0,L,0.0787056067963211,-0.1614883230501785,0.1873735148395836,1.0618701372747523,0.1477986868148934,1.0618701372747523,15.0,0.907032172561085,1.1405158484571942,47.0
22,Baseline,0,R,0.0810050657814504,-0.1964737110808131,0.1945104061378595,1.053813635518988,0.1557148233180265,1.055682125624517,16.0,0.924239431781002,1.1463426261894092,48.0
22,MTR20,20,L,0.1152258011047805,-0.1969293083910967,0.1889685711579943,1.364426273338185,0.2789385406235826,1.364426273338185,9.0,0.8947359990643383,1.1694981505765647,44.0
22,MTR20,20,R,0.0959595165620293,-0.2471119889850472,0.2255581694608056,1.223589451111781,0.1596100150646643,1.223589451111781,15.0,0.8006279136011685,1.0816011095684286,51.0
22,MTR40,40,L,0.113909487836805,-0.209070216663033,0.2210144447594531,1.3708254368366968,0.2821778041032528,1.3708254368366968,9.0,0.8431927032923168,1.1934168676601196,45.0
22,MTR40,40,R,0.10164554738005,-0.274422451105327,0.2528622587792581,1.2754271802084334,0.1738853582833694,1.2754271802084334,15.0,0.7236431772724063,1.15799791189394,52.0
22,MTR60,60,L,0.1213560588893309,-0.2066172869734547,0.2363940952703268,1.474419847336674,0.3291351330939519,1.474419847336674,9.0,0.8557979958540451,1.2057243943735452,44.0
22,MTR60,60,R,0.1110227393629635,-0.281294368132733,0.2421064468141852,1.2775286751095518,0.1864285277540133,1.2775286751095518,14.0,0.6933158989427894,1.07307075091577,51.0
22,MTR80,80,L,0.1155398802014131,-0.2235320056153732,0.2537065490501631,1.5151576440912908,0.3703979301063384,1.5151576440912908,9.0,0.7912835203682002,1.2150272282740178,44.0
22,MTR80,80,R,0.1152226535332116,-0.279949844370962,0.2191761933816099,1.324916420726885,0.2018534330723295,1.324916420726885,14.0,0.708518886152671,0.9878057015399456,50.0
23,Baseline,0,L,0.0495200715155481,-0.0912686280352094,0.0945519191997527,0.7993057593106833,0.0840484740844668,0.8842247994785658,20.0,0.7667816811553189,0.8372417264247817,45.0
23,Baseline,0,R,0.0573650467369421,-0.0982188986323216,0.140958229614649,0.8311794970577335,0.0964339568633076,0.9780055328820332,21.0,0.8398820798373444,1.0342258559247917,49.0
23,MTR20,20,L,0.0660533480596331,-0.1688033251085307,0.1409633920615797,1.1395611781236,0.2579048652310326,1.1395611781236,13.0,0.8251085182227983,1.0275540706746504,40.0
23,MTR20,20,R,0.0702705115906226,-0.1424915855612745,0.2408271494004348,1.069825524534607,0.1700568134576584,1.072970198676653,16.0,0.9045688436182424,1.0644412925550095,50.0
23,MTR40,40,L,0.088991544493239,-0.1964692079953718,0.1637988417903485,1.2765592039928124,0.2824728084779471,1.2765592039928124,14.0,0.8269794558746671,1.0265953280322595,42.0
23,MTR40,40,R,0.0889658808897332,-0.2232235141475262,0.2492222535798191,1.2239220117529506,0.175331724717486,1.2239220117529506,15.0,0.9142154786515482,0.9975453584048632,50.0
23,MTR60,60,L,0.0905748123907167,-0.208794445969397,0.1725413100078855,1.1732250621618732,0.1578195416921358,1.1732250621618732,15.0,0.7967284259129116,1.0626172960335822,44.0
23,MTR60,60,R,0.088865823737261,-0.1932311648359352,0.225021979284348,1.1585188352827882,0.136970176202074,1.1697776140650538,16.0,0.8078725010382269,1.1070574546544776,50.0
23,MTR80,80,L,0.0817788850954341,-0.2325502008799498,0.1797325658681557,1.1932776717540947,0.2804351799295913,1.1932776717540947,13.0,0.7307547037912335,1.0340549339966152,43.0
23,MTR80,80,R,0.0973272320172435,-0.2032761096147675,0.3162511489202646,1.1762564058179723,0.1787753625681192,1.1762564058179723,14.0,0.7983348802363224,1.0975443845355224,51.0
24,Baseline,0,L,0.0959779962167632,-0.1409434674774242,0.1486661881311418,0.9677359864064228,0.1273657495623722,1.040014605655177,19.0,0.8195986112548552,1.091368825888493,50.0
24,Baseline,0,R,0.0941313422638321,-0.1373926833578108,0.1552204050348971,0.9269705777197228,0.115146826097554,1.0041195146244688,19.0,0.841871312779836,1.0369973253256213,50.0
24,MTR20,20,L,0.163373144366579,-0.266735959305377,0.1538039688688752,1.4625247550185911,0.2845141221350252,1.4625247550185911,13.0,0.701070774813673,1.1477337181772076,45.0
24,MTR20,20,R,0.1242281196740252,-0.0977650751482849,0.14738612486906,0.9135674336122348,0.1288089781705669,1.0766714029264437,21.0,0.8218734109039382,0.9599143878752692,35.0
24,MTR40,40,L,0.1583518664347047,-0.2562095043859054,0.1972188119669371,1.4152794425138142,0.2264169673485524,1.4152794425138142,14.0,0.6643166137780778,1.183445393326518,47.0
24,MTR40,40,R,0.1513478921287571,-0.1453805459734208,0.1997272278076381,1.034749196246415,0.1640839198747242,1.1301573417266944,19.0,0.7513391765916749,0.8621612482534141,51.0
24,MTR60,60,L,0.1568359745854322,-0.2466460413150231,0.2467084205710911,1.3550683119974662,0.1950227373877653,1.3550683119974662,14.0,0.638456475993006,1.1492232272643927,48.0
24,MTR60,60,R,0.1602677744340208,-0.2934065233084084,0.2754431823707456,1.490333450254349,0.2053827738123229,1.502334788974556,16.0,0.4997485420280649,1.1732640713418772,51.0
24,MTR80,80,L,0.1566007012066757,-0.2385980744537487,0.2583414383383586,1.2984217101151414,0.1724042621896911,1.2984217101151414,15.0,0.6210365135488485,1.1535003181675862,48.0
24,MTR80,80,R,0.1626789091290914,-0.3485193518413105,0.2995936782409019,1.6004656161987227,0.2261201445976416,1.602359063405839,16.0,0.3795125653004241,1.3666025619821658,51.0
